[{"model": "admin.logentry", "pk": 2, "fields": {"action_time": "2026-02-04T10:56:14.464Z", "user": 2, "content_type": 23, "object_id": "2", "object_repr": "syedamirshah (SUPERADMIN)", "action_flag": 2, "change_message": "[{\"changed\": {\"fields\": [\"Role\"]}}]"}}, {"model": "admin.logentry", "pk": 3, "fields": {"action_time": "2026-02-04T10:56:49.433Z", "user": 2, "content_type": 4, "object_id": "3", "object_repr": "owner", "action_flag": 1, "change_message": "[{\"added\": {}}]"}}, {"model": "admin.logentry", "pk": 4, "fields": {"action_time": "2026-02-04T10:57:09.932Z", "user": 2, "content_type": 4, "object_id": "4", "object_repr": "staff", "action_flag": 1, "change_message": "[{\"added\": {}}]"}}, {"model": "admin.logentry", "pk": 5, "fields": {"action_time": "2026-02-04T10:57:24.024Z", "user": 2, "content_type": 23, "object_id": "3", "object_repr": "owner (OWNER)", "action_flag": 2, "change_message": "[{\"changed\": {\"fields\": [\"Role\"]}}]"}}, {"model": "admin.logentry", "pk": 6, "fields": {"action_time": "2026-02-04T10:57:33.347Z", "user": 2, "content_type": 23, "object_id": "4", "object_repr": "staff (STAFF)", "action_flag": 2, "change_message": "[{\"changed\": {\"fields\": [\"Owner\"]}}]"}}, {"model": "admin.logentry", "pk": 7, "fields": {"action_time": "2026-02-04T11:22:45.950Z", "user": 2, "content_type": 4, "object_id": "5", "object_repr": "superadmin", "action_flag": 1, "change_message": "[{\"added\": {}}]"}}, {"model": "admin.logentry", "pk": 8, "fields": {"action_time": "2026-02-04T11:23:53.066Z", "user": 2, "content_type": 23, "object_id": "5", "object_repr": "superadmin (SUPERADMIN)", "action_flag": 2, "change_message": "[{\"changed\": {\"fields\": [\"Role\"]}}]"}}, {"model": "admin.logentry", "pk": 9, "fields": {"action_time": "2026-02-04T11:25:56.282Z", "user": 2, "content_type": 23, "object_id": "5", "object_repr": "superadmin (SUPERADMIN)", "action_flag": 2, "change_message": "[]"}}, {"model": "admin.logentry", "pk": 10, "fields": {"action_time": "2026-02-04T11:27:31.314Z", "user": 2, "content_type": 4, "object_id": "5", "object_repr": "superadmin", "action_flag": 3, "change_message": ""}}, {"model": "admin.logentry", "pk": 11, "fields": {"action_time": "2026-02-04T11:27:59.333Z", "user": 2, "content_type": 4, "object_id": "6", "object_repr": "superadmin", "action_flag": 1, "change_message": "[{\"added\": {}}]"}}, {"model": "admin.logentry", "pk": 12, "fields": {"action_time": "2026-02-04T11:28:18.880Z", "user": 2, "content_type": 23, "object_id": "6", "object_repr": "superadmin (SUPERADMIN)", "action_flag": 2, "change_message": "[{\"changed\": {\"fields\": [\"Role\"]}}]"}}, {"model": "admin.logentry", "pk": 13, "fields": {"action_time": "2026-02-04T11:29:25.445Z", "user": 2, "content_type": 4, "object_id": "6", "object_repr": "superadmin", "action_flag": 2, "change_message": "[]"}}, {"model": "admin.logentry", "pk": 14, "fields": {"action_time": "2026-02-04T11:29:38.193Z", "user": 2, "content_type": 23, "object_id": "6", "object_repr": "superadmin (SUPERADMIN)", "action_flag": 2, "change_message": "[]"}}, {"model": "admin.logentry", "pk": 15, "fields": {"action_time": "2026-02-04T11:32:02.751Z", "user": 2, "content_type": 4, "object_id": "6", "object_repr": "superadmin", "action_flag": 2, "change_message": "[]"}}, {"model": "admin.logentry", "pk": 16, "fields": {"action_time": "2026-02-04T11:32:22.277Z", "user": 2, "content_type": 23, "object_id": "6", "object_repr": "superadmin (SUPERADMIN)", "action_flag": 2, "change_message": "[]"}}, {"model": "admin.logentry", "pk": 17, "fields": {"action_time": "2026-02-04T13:56:01.557Z", "user": 2, "content_type": 9, "object_id": "1", "object_repr": "Owner One", "action_flag": 2, "change_message": "[{\"changed\": {\"fields\": [\"Slug\"]}}]"}}, {"model": "admin.logentry", "pk": 18, "fields": {"action_time": "2026-02-04T14:04:11.204Z", "user": 2, "content_type": 9, "object_id": "1", "object_repr": "Owner One", "action_flag": 2, "change_message": "[]"}}, {"model": "admin.logentry", "pk": 19, "fields": {"action_time": "2026-02-04T16:58:22.880Z", "user": 2, "content_type": 4, "object_id": "7", "object_repr": "companyabc", "action_flag": 1, "change_message": "[{\"added\": {}}]"}}, {"model": "admin.logentry", "pk": 20, "fields": {"action_time": "2026-02-04T16:59:00.462Z", "user": 2, "content_type": 4, "object_id": "8", "object_repr": "companyxyz", "action_flag": 1, "change_message": "[{\"added\": {}}]"}}, {"model": "admin.logentry", "pk": 21, "fields": {"action_time": "2026-02-04T17:00:18.520Z", "user": 2, "content_type": 23, "object_id": "7", "object_repr": "companyabc (OWNER)", "action_flag": 2, "change_message": "[{\"changed\": {\"fields\": [\"Role\"]}}]"}}, {"model": "admin.logentry", "pk": 22, "fields": {"action_time": "2026-02-04T17:00:25.870Z", "user": 2, "content_type": 23, "object_id": "8", "object_repr": "companyxyz (OWNER)", "action_flag": 2, "change_message": "[{\"changed\": {\"fields\": [\"Role\"]}}]"}}, {"model": "admin.logentry", "pk": 23, "fields": {"action_time": "2026-02-04T17:03:41.744Z", "user": 2, "content_type": 9, "object_id": "2", "object_repr": "Company_XYZ", "action_flag": 1, "change_message": "[{\"added\": {}}]"}}, {"model": "admin.logentry", "pk": 24, "fields": {"action_time": "2026-02-04T17:04:57.102Z", "user": 2, "content_type": 4, "object_id": "8", "object_repr": "companyxyz", "action_flag": 2, "change_message": "[]"}}, {"model": "admin.logentry", "pk": 25, "fields": {"action_time": "2026-02-04T17:17:56.556Z", "user": 2, "content_type": 4, "object_id": "8", "object_repr": "companyxyz", "action_flag": 2, "change_message": "[]"}}, {"model": "admin.logentry", "pk": 26, "fields": {"action_time": "2026-02-05T02:01:53.173Z", "user": 2, "content_type": 4, "object_id": "8", "object_repr": "companyxyz", "action_flag": 2, "change_message": "[{\"changed\": {\"fields\": [\"password\"]}}]"}}, {"model": "admin.logentry", "pk": 27, "fields": {"action_time": "2026-02-05T02:22:03.964Z", "user": 2, "content_type": 4, "object_id": "6", "object_repr": "superadmin", "action_flag": 3, "change_message": ""}}, {"model": "admin.logentry", "pk": 28, "fields": {"action_time": "2026-02-05T02:29:00.726Z", "user": 2, "content_type": 4, "object_id": "7", "object_repr": "companyabc", "action_flag": 3, "change_message": ""}}, {"model": "admin.logentry", "pk": 29, "fields": {"action_time": "2026-02-05T02:29:58.915Z", "user": 2, "content_type": 9, "object_id": "2", "object_repr": "Company_XYZ", "action_flag": 2, "change_message": "[]"}}, {"model": "admin.logentry", "pk": 30, "fields": {"action_time": "2026-02-07T09:39:28.600Z", "user": 2, "content_type": 23, "object_id": "13", "object_repr": "owner2 (OWNER)", "action_flag": 3, "change_message": ""}}, {"model": "auth.permission", "pk": 1, "fields": {"name": "Can add log entry", "content_type": 1, "codename": "add_logentry"}}, {"model": "auth.permission", "pk": 2, "fields": {"name": "Can change log entry", "content_type": 1, "codename": "change_logentry"}}, {"model": "auth.permission", "pk": 3, "fields": {"name": "Can delete log entry", "content_type": 1, "codename": "delete_logentry"}}, {"model": "auth.permission", "pk": 4, "fields": {"name": "Can view log entry", "content_type": 1, "codename": "view_logentry"}}, {"model": "auth.permission", "pk": 5, "fields": {"name": "Can add permission", "content_type": 2, "codename": "add_permission"}}, {"model": "auth.permission", "pk": 6, "fields": {"name": "Can change permission", "content_type": 2, "codename": "change_permission"}}, {"model": "auth.permission", "pk": 7, "fields": {"name": "Can delete permission", "content_type": 2, "codename": "delete_permission"}}, {"model": "auth.permission", "pk": 8, "fields": {"name": "Can view permission", "content_type": 2, "codename": "view_permission"}}, {"model": "auth.permission", "pk": 9, "fields": {"name": "Can add group", "content_type": 3, "codename": "add_group"}}, {"model": "auth.permission", "pk": 10, "fields": {"name": "Can change group", "content_type": 3, "codename": "change_group"}}, {"model": "auth.permission", "pk": 11, "fields": {"name": "Can delete group", "content_type": 3, "codename": "delete_group"}}, {"model": "auth.permission", "pk": 12, "fields": {"name": "Can view group", "content_type": 3, "codename": "view_group"}}, {"model": "auth.permission", "pk": 13, "fields": {"name": "Can add user", "content_type": 4, "codename": "add_user"}}, {"model": "auth.permission", "pk": 14, "fields": {"name": "Can change user", "content_type": 4, "codename": "change_user"}}, {"model": "auth.permission", "pk": 15, "fields": {"name": "Can delete user", "content_type": 4, "codename": "delete_user"}}, {"model": "auth.permission", "pk": 16, "fields": {"name": "Can view user", "content_type": 4, "codename": "view_user"}}, {"model": "auth.permission", "pk": 17, "fields": {"name": "Can add content type", "content_type": 5, "codename": "add_contenttype"}}, {"model": "auth.permission", "pk": 18, "fields": {"name": "Can change content type", "content_type": 5, "codename": "change_contenttype"}}, {"model": "auth.permission", "pk": 19, "fields": {"name": "Can delete content type", "content_type": 5, "codename": "delete_contenttype"}}, {"model": "auth.permission", "pk": 20, "fields": {"name": "Can view content type", "content_type": 5, "codename": "view_contenttype"}}, {"model": "auth.permission", "pk": 21, "fields": {"name": "Can add session", "content_type": 6, "codename": "add_session"}}, {"model": "auth.permission", "pk": 22, "fields": {"name": "Can change session", "content_type": 6, "codename": "change_session"}}, {"model": "auth.permission", "pk": 23, "fields": {"name": "Can delete session", "content_type": 6, "codename": "delete_session"}}, {"model": "auth.permission", "pk": 24, "fields": {"name": "Can view session", "content_type": 6, "codename": "view_session"}}, {"model": "auth.permission", "pk": 25, "fields": {"name": "Can add App Branding", "content_type": 7, "codename": "add_appbranding"}}, {"model": "auth.permission", "pk": 26, "fields": {"name": "Can change App Branding", "content_type": 7, "codename": "change_appbranding"}}, {"model": "auth.permission", "pk": 27, "fields": {"name": "Can delete App Branding", "content_type": 7, "codename": "delete_appbranding"}}, {"model": "auth.permission", "pk": 28, "fields": {"name": "Can view App Branding", "content_type": 7, "codename": "view_appbranding"}}, {"model": "auth.permission", "pk": 29, "fields": {"name": "Can add account", "content_type": 8, "codename": "add_account"}}, {"model": "auth.permission", "pk": 30, "fields": {"name": "Can change account", "content_type": 8, "codename": "change_account"}}, {"model": "auth.permission", "pk": 31, "fields": {"name": "Can delete account", "content_type": 8, "codename": "delete_account"}}, {"model": "auth.permission", "pk": 32, "fields": {"name": "Can view account", "content_type": 8, "codename": "view_account"}}, {"model": "auth.permission", "pk": 33, "fields": {"name": "Can add company profile", "content_type": 9, "codename": "add_companyprofile"}}, {"model": "auth.permission", "pk": 34, "fields": {"name": "Can change company profile", "content_type": 9, "codename": "change_companyprofile"}}, {"model": "auth.permission", "pk": 35, "fields": {"name": "Can delete company profile", "content_type": 9, "codename": "delete_companyprofile"}}, {"model": "auth.permission", "pk": 36, "fields": {"name": "Can view company profile", "content_type": 9, "codename": "view_companyprofile"}}, {"model": "auth.permission", "pk": 37, "fields": {"name": "Can add journal entry", "content_type": 10, "codename": "add_journalentry"}}, {"model": "auth.permission", "pk": 38, "fields": {"name": "Can change journal entry", "content_type": 10, "codename": "change_journalentry"}}, {"model": "auth.permission", "pk": 39, "fields": {"name": "Can delete journal entry", "content_type": 10, "codename": "delete_journalentry"}}, {"model": "auth.permission", "pk": 40, "fields": {"name": "Can view journal entry", "content_type": 10, "codename": "view_journalentry"}}, {"model": "auth.permission", "pk": 41, "fields": {"name": "Can add party", "content_type": 11, "codename": "add_party"}}, {"model": "auth.permission", "pk": 42, "fields": {"name": "Can change party", "content_type": 11, "codename": "change_party"}}, {"model": "auth.permission", "pk": 43, "fields": {"name": "Can delete party", "content_type": 11, "codename": "delete_party"}}, {"model": "auth.permission", "pk": 44, "fields": {"name": "Can view party", "content_type": 11, "codename": "view_party"}}, {"model": "auth.permission", "pk": 45, "fields": {"name": "Can add payment", "content_type": 12, "codename": "add_payment"}}, {"model": "auth.permission", "pk": 46, "fields": {"name": "Can change payment", "content_type": 12, "codename": "change_payment"}}, {"model": "auth.permission", "pk": 47, "fields": {"name": "Can delete payment", "content_type": 12, "codename": "delete_payment"}}, {"model": "auth.permission", "pk": 48, "fields": {"name": "Can view payment", "content_type": 12, "codename": "view_payment"}}, {"model": "auth.permission", "pk": 49, "fields": {"name": "Can add product", "content_type": 13, "codename": "add_product"}}, {"model": "auth.permission", "pk": 50, "fields": {"name": "Can change product", "content_type": 13, "codename": "change_product"}}, {"model": "auth.permission", "pk": 51, "fields": {"name": "Can delete product", "content_type": 13, "codename": "delete_product"}}, {"model": "auth.permission", "pk": 52, "fields": {"name": "Can view product", "content_type": 13, "codename": "view_product"}}, {"model": "auth.permission", "pk": 53, "fields": {"name": "Can add purchase invoice", "content_type": 14, "codename": "add_purchaseinvoice"}}, {"model": "auth.permission", "pk": 54, "fields": {"name": "Can change purchase invoice", "content_type": 14, "codename": "change_purchaseinvoice"}}, {"model": "auth.permission", "pk": 55, "fields": {"name": "Can delete purchase invoice", "content_type": 14, "codename": "delete_purchaseinvoice"}}, {"model": "auth.permission", "pk": 56, "fields": {"name": "Can view purchase invoice", "content_type": 14, "codename": "view_purchaseinvoice"}}, {"model": "auth.permission", "pk": 57, "fields": {"name": "Can add purchase invoice item", "content_type": 15, "codename": "add_purchaseinvoiceitem"}}, {"model": "auth.permission", "pk": 58, "fields": {"name": "Can change purchase invoice item", "content_type": 15, "codename": "change_purchaseinvoiceitem"}}, {"model": "auth.permission", "pk": 59, "fields": {"name": "Can delete purchase invoice item", "content_type": 15, "codename": "delete_purchaseinvoiceitem"}}, {"model": "auth.permission", "pk": 60, "fields": {"name": "Can view purchase invoice item", "content_type": 15, "codename": "view_purchaseinvoiceitem"}}, {"model": "auth.permission", "pk": 61, "fields": {"name": "Can add purchase return", "content_type": 16, "codename": "add_purchasereturn"}}, {"model": "auth.permission", "pk": 62, "fields": {"name": "Can change purchase return", "content_type": 16, "codename": "change_purchasereturn"}}, {"model": "auth.permission", "pk": 63, "fields": {"name": "Can delete purchase return", "content_type": 16, "codename": "delete_purchasereturn"}}, {"model": "auth.permission", "pk": 64, "fields": {"name": "Can view purchase return", "content_type": 16, "codename": "view_purchasereturn"}}, {"model": "auth.permission", "pk": 65, "fields": {"name": "Can add purchase return item", "content_type": 17, "codename": "add_purchasereturnitem"}}, {"model": "auth.permission", "pk": 66, "fields": {"name": "Can change purchase return item", "content_type": 17, "codename": "change_purchasereturnitem"}}, {"model": "auth.permission", "pk": 67, "fields": {"name": "Can delete purchase return item", "content_type": 17, "codename": "delete_purchasereturnitem"}}, {"model": "auth.permission", "pk": 68, "fields": {"name": "Can view purchase return item", "content_type": 17, "codename": "view_purchasereturnitem"}}, {"model": "auth.permission", "pk": 69, "fields": {"name": "Can add sales invoice", "content_type": 18, "codename": "add_salesinvoice"}}, {"model": "auth.permission", "pk": 70, "fields": {"name": "Can change sales invoice", "content_type": 18, "codename": "change_salesinvoice"}}, {"model": "auth.permission", "pk": 71, "fields": {"name": "Can delete sales invoice", "content_type": 18, "codename": "delete_salesinvoice"}}, {"model": "auth.permission", "pk": 72, "fields": {"name": "Can view sales invoice", "content_type": 18, "codename": "view_salesinvoice"}}, {"model": "auth.permission", "pk": 73, "fields": {"name": "Can add sales invoice item", "content_type": 19, "codename": "add_salesinvoiceitem"}}, {"model": "auth.permission", "pk": 74, "fields": {"name": "Can change sales invoice item", "content_type": 19, "codename": "change_salesinvoiceitem"}}, {"model": "auth.permission", "pk": 75, "fields": {"name": "Can delete sales invoice item", "content_type": 19, "codename": "delete_salesinvoiceitem"}}, {"model": "auth.permission", "pk": 76, "fields": {"name": "Can view sales invoice item", "content_type": 19, "codename": "view_salesinvoiceitem"}}, {"model": "auth.permission", "pk": 77, "fields": {"name": "Can add sales return", "content_type": 20, "codename": "add_salesreturn"}}, {"model": "auth.permission", "pk": 78, "fields": {"name": "Can change sales return", "content_type": 20, "codename": "change_salesreturn"}}, {"model": "auth.permission", "pk": 79, "fields": {"name": "Can delete sales return", "content_type": 20, "codename": "delete_salesreturn"}}, {"model": "auth.permission", "pk": 80, "fields": {"name": "Can view sales return", "content_type": 20, "codename": "view_salesreturn"}}, {"model": "auth.permission", "pk": 81, "fields": {"name": "Can add sales return item", "content_type": 21, "codename": "add_salesreturnitem"}}, {"model": "auth.permission", "pk": 82, "fields": {"name": "Can change sales return item", "content_type": 21, "codename": "change_salesreturnitem"}}, {"model": "auth.permission", "pk": 83, "fields": {"name": "Can delete sales return item", "content_type": 21, "codename": "delete_salesreturnitem"}}, {"model": "auth.permission", "pk": 84, "fields": {"name": "Can view sales return item", "content_type": 21, "codename": "view_salesreturnitem"}}, {"model": "auth.permission", "pk": 85, "fields": {"name": "Can add stock adjustment", "content_type": 22, "codename": "add_stockadjustment"}}, {"model": "auth.permission", "pk": 86, "fields": {"name": "Can change stock adjustment", "content_type": 22, "codename": "change_stockadjustment"}}, {"model": "auth.permission", "pk": 87, "fields": {"name": "Can delete stock adjustment", "content_type": 22, "codename": "delete_stockadjustment"}}, {"model": "auth.permission", "pk": 88, "fields": {"name": "Can view stock adjustment", "content_type": 22, "codename": "view_stockadjustment"}}, {"model": "auth.permission", "pk": 89, "fields": {"name": "Can add user profile", "content_type": 23, "codename": "add_userprofile"}}, {"model": "auth.permission", "pk": 90, "fields": {"name": "Can change user profile", "content_type": 23, "codename": "change_userprofile"}}, {"model": "auth.permission", "pk": 91, "fields": {"name": "Can delete user profile", "content_type": 23, "codename": "delete_userprofile"}}, {"model": "auth.permission", "pk": 92, "fields": {"name": "Can view user profile", "content_type": 23, "codename": "view_userprofile"}}, {"model": "auth.permission", "pk": 93, "fields": {"name": "Can add tax type", "content_type": 24, "codename": "add_taxtype"}}, {"model": "auth.permission", "pk": 94, "fields": {"name": "Can change tax type", "content_type": 24, "codename": "change_taxtype"}}, {"model": "auth.permission", "pk": 95, "fields": {"name": "Can delete tax type", "content_type": 24, "codename": "delete_taxtype"}}, {"model": "auth.permission", "pk": 96, "fields": {"name": "Can view tax type", "content_type": 24, "codename": "view_taxtype"}}, {"model": "auth.permission", "pk": 97, "fields": {"name": "Can add daily expense", "content_type": 25, "codename": "add_dailyexpense"}}, {"model": "auth.permission", "pk": 98, "fields": {"name": "Can change daily expense", "content_type": 25, "codename": "change_dailyexpense"}}, {"model": "auth.permission", "pk": 99, "fields": {"name": "Can delete daily expense", "content_type": 25, "codename": "delete_dailyexpense"}}, {"model": "auth.permission", "pk": 100, "fields": {"name": "Can view daily expense", "content_type": 25, "codename": "view_dailyexpense"}}, {"model": "auth.permission", "pk": 101, "fields": {"name": "Can add cash bank transfer", "content_type": 26, "codename": "add_cashbanktransfer"}}, {"model": "auth.permission", "pk": 102, "fields": {"name": "Can change cash bank transfer", "content_type": 26, "codename": "change_cashbanktransfer"}}, {"model": "auth.permission", "pk": 103, "fields": {"name": "Can delete cash bank transfer", "content_type": 26, "codename": "delete_cashbanktransfer"}}, {"model": "auth.permission", "pk": 104, "fields": {"name": "Can view cash bank transfer", "content_type": 26, "codename": "view_cashbanktransfer"}}, {"model": "auth.permission", "pk": 105, "fields": {"name": "Can add owner sequence", "content_type": 27, "codename": "add_ownersequence"}}, {"model": "auth.permission", "pk": 106, "fields": {"name": "Can change owner sequence", "content_type": 27, "codename": "change_ownersequence"}}, {"model": "auth.permission", "pk": 107, "fields": {"name": "Can delete owner sequence", "content_type": 27, "codename": "delete_ownersequence"}}, {"model": "auth.permission", "pk": 108, "fields": {"name": "Can view owner sequence", "content_type": 27, "codename": "view_ownersequence"}}, {"model": "auth.permission", "pk": 109, "fields": {"name": "Can add subscription transaction", "content_type": 28, "codename": "add_subscriptiontransaction"}}, {"model": "auth.permission", "pk": 110, "fields": {"name": "Can change subscription transaction", "content_type": 28, "codename": "change_subscriptiontransaction"}}, {"model": "auth.permission", "pk": 111, "fields": {"name": "Can delete subscription transaction", "content_type": 28, "codename": "delete_subscriptiontransaction"}}, {"model": "auth.permission", "pk": 112, "fields": {"name": "Can view subscription transaction", "content_type": 28, "codename": "view_subscriptiontransaction"}}, {"model": "auth.user", "pk": 2, "fields": {"password": "pbkdf2_sha256$1000000$F7hW0ld8OrZ9b4bI6pBVgx$GFvosb2G/KmRsbi64FhdtBoRkHW51JVHQdPjet2kQF4=", "last_login": "2026-02-07T11:32:17.004Z", "is_superuser": true, "username": "syedamirshah", "first_name": "", "last_name": "", "email": "syedamirshah@dummy.local", "is_staff": true, "is_active": true, "date_joined": "2026-02-04T10:55:40.533Z", "groups": [], "user_permissions": []}}, {"model": "auth.user", "pk": 3, "fields": {"password": "pbkdf2_sha256$1000000$DGLU7mwJmcYbrZv3tQlbiX$jgzD19HOdzOwNkcv63QM/nHqfpiD38kMLikqEf/2VPg=", "last_login": "2026-02-07T11:32:34.287Z", "is_superuser": false, "username": "owner", "first_name": "Syed Zafar", "last_name": "Shah", "email": "zafar@gmail.com", "is_staff": false, "is_active": true, "date_joined": "2026-02-04T10:56:22Z", "groups": [], "user_permissions": []}}, {"model": "auth.user", "pk": 8, "fields": {"password": "pbkdf2_sha256$1000000$Q8sV3nGerPwaSaZGEuoRLZ$PFjO3Fqc3nMCdbdqt7BW7wQiUwr7B3aH0mgNTT/Wg+w=", "last_login": "2026-02-05T03:12:20.191Z", "is_superuser": false, "username": "companyxyz", "first_name": "Company", "last_name": "XYZ", "email": "companyxyz@dummy.local", "is_staff": false, "is_active": true, "date_joined": "2026-02-04T16:58:33Z", "groups": [], "user_permissions": []}}, {"model": "auth.user", "pk": 9, "fields": {"password": "pbkdf2_sha256$1000000$M3yf3pJ8R1hlrasMLaz7T6$PdjCZeQAwl5G+ClSRoFVgOYHUPAdcSuN0eakDgfkMR8=", "last_login": null, "is_superuser": false, "username": "owner1", "first_name": "Owner", "last_name": "One", "email": "owner1@dummy.local", "is_staff": false, "is_active": true, "date_joined": "2026-02-06T13:16:33.665Z", "groups": [], "user_permissions": []}}, {"model": "auth.user", "pk": 10, "fields": {"password": "", "last_login": null, "is_superuser": false, "username": "staff1", "first_name": "", "last_name": "", "email": "staff1@dummy.local", "is_staff": false, "is_active": true, "date_joined": "2026-02-06T13:16:33.846Z", "groups": [], "user_permissions": []}}, {"model": "auth.user", "pk": 11, "fields": {"password": "pbkdf2_sha256$1000000$k9EAY98x4b43vtZ2Ctkegs$SCVUnOaOx+UXQNqZs9aW21Nmjv96O90IONbB7mhHet4=", "last_login": "2026-02-07T02:59:47.717Z", "is_superuser": false, "username": "haibat", "first_name": "Haibat Khan", "last_name": "", "email": "haibat@dummy.local", "is_staff": false, "is_active": true, "date_joined": "2026-02-07T02:59:28.222Z", "groups": [], "user_permissions": []}}, {"model": "auth.user", "pk": 12, "fields": {"password": "pbkdf2_sha256$1000000$NEjlAJ4WCRpYXcqbyCePkw$HwTBCc26jODq1z5V5Zbw9T7s/85oYNyVQnH5LNfnv8c=", "last_login": "2026-02-07T03:55:31.813Z", "is_superuser": false, "username": "babat", "first_name": "Babat Khan", "last_name": "", "email": "babat@dummy.local", "is_staff": false, "is_active": true, "date_joined": "2026-02-07T03:01:31.060Z", "groups": [], "user_permissions": []}}, {"model": "auth.user", "pk": 13, "fields": {"password": "pbkdf2_sha256$1000000$z2IWqDf2KDLzXwseTPGZTI$pSSV/jJupa6ipz2KkRSKO0TZXMjsv1Miww4c6mcKnmY=", "last_login": "2026-02-07T07:45:09.389Z", "is_superuser": false, "username": "owner2", "first_name": "Syed", "last_name": "Haseeb Shah", "email": "haseeb@gmail.com", "is_staff": false, "is_active": true, "date_joined": "2026-02-07T07:45:09.231Z", "groups": [], "user_permissions": []}}, {"model": "contenttypes.contenttype", "pk": 1, "fields": {"app_label": "admin", "model": "logentry"}}, {"model": "contenttypes.contenttype", "pk": 2, "fields": {"app_label": "auth", "model": "permission"}}, {"model": "contenttypes.contenttype", "pk": 3, "fields": {"app_label": "auth", "model": "group"}}, {"model": "contenttypes.contenttype", "pk": 4, "fields": {"app_label": "auth", "model": "user"}}, {"model": "contenttypes.contenttype", "pk": 5, "fields": {"app_label": "contenttypes", "model": "contenttype"}}, {"model": "contenttypes.contenttype", "pk": 6, "fields": {"app_label": "sessions", "model": "session"}}, {"model": "contenttypes.contenttype", "pk": 7, "fields": {"app_label": "core", "model": "appbranding"}}, {"model": "contenttypes.contenttype", "pk": 8, "fields": {"app_label": "core", "model": "account"}}, {"model": "contenttypes.contenttype", "pk": 9, "fields": {"app_label": "core", "model": "companyprofile"}}, {"model": "contenttypes.contenttype", "pk": 10, "fields": {"app_label": "core", "model": "journalentry"}}, {"model": "contenttypes.contenttype", "pk": 11, "fields": {"app_label": "core", "model": "party"}}, {"model": "contenttypes.contenttype", "pk": 12, "fields": {"app_label": "core", "model": "payment"}}, {"model": "contenttypes.contenttype", "pk": 13, "fields": {"app_label": "core", "model": "product"}}, {"model": "contenttypes.contenttype", "pk": 14, "fields": {"app_label": "core", "model": "purchaseinvoice"}}, {"model": "contenttypes.contenttype", "pk": 15, "fields": {"app_label": "core", "model": "purchaseinvoiceitem"}}, {"model": "contenttypes.contenttype", "pk": 16, "fields": {"app_label": "core", "model": "purchasereturn"}}, {"model": "contenttypes.contenttype", "pk": 17, "fields": {"app_label": "core", "model": "purchasereturnitem"}}, {"model": "contenttypes.contenttype", "pk": 18, "fields": {"app_label": "core", "model": "salesinvoice"}}, {"model": "contenttypes.contenttype", "pk": 19, "fields": {"app_label": "core", "model": "salesinvoiceitem"}}, {"model": "contenttypes.contenttype", "pk": 20, "fields": {"app_label": "core", "model": "salesreturn"}}, {"model": "contenttypes.contenttype", "pk": 21, "fields": {"app_label": "core", "model": "salesreturnitem"}}, {"model": "contenttypes.contenttype", "pk": 22, "fields": {"app_label": "core", "model": "stockadjustment"}}, {"model": "contenttypes.contenttype", "pk": 23, "fields": {"app_label": "core", "model": "userprofile"}}, {"model": "contenttypes.contenttype", "pk": 24, "fields": {"app_label": "core", "model": "taxtype"}}, {"model": "contenttypes.contenttype", "pk": 25, "fields": {"app_label": "core", "model": "dailyexpense"}}, {"model": "contenttypes.contenttype", "pk": 26, "fields": {"app_label": "core", "model": "cashbanktransfer"}}, {"model": "contenttypes.contenttype", "pk": 27, "fields": {"app_label": "core", "model": "ownersequence"}}, {"model": "contenttypes.contenttype", "pk": 28, "fields": {"app_label": "core", "model": "subscriptiontransaction"}}, {"model": "sessions.session", "pk": "45y371zlafh7m6nvu6mrp3njzrrr9iah", "fields": {"session_data": ".eJxVjEEOwiAQRe_C2hDLADO6dO8ZyACDVA1NSrsy3l2bdKHb_977LxV4XWpYu8xhzOqsQB1-t8jpIW0D-c7tNuk0tWUeo94UvdOur1OW52V3_w4q9_qtbSG0EcT4ky22FMeScrQekgyJRDwUJKISHSGig4yGE1AczNEIAqv3B_mqOCM:1vogYE:hQH7wozy30gtmTT7zLjfuVr_-E12MyDh4Y71f6MsiA8", "expire_date": "2026-02-21T11:32:34.291Z"}}, {"model": "sessions.session", "pk": "722kp2uoh88x5573dy28i8z29ru03wid", "fields": {"session_data": ".eJxVjMsOwiAURP-FtSHyBpfu_QZyuRekaiAp7cr477ZJF5rZzTkzbxZhXWpcR57jROzCJDv9dgnwmdsO6AHt3jn2tsxT4rvCDzr4rVN-XQ_376DCqNvamS0gnUqodTIYlApoDZFDTEEIIYOXhdCSB1BkfJa-GGUN6uIQzuzzBddyN-Q:1vnt4g:said9vny3OMYp9QOZV_bBJhfh4vUuRhBAVrj-6C4t_U", "expire_date": "2026-02-19T06:42:46.198Z"}}, {"model": "sessions.session", "pk": "8k1mpm1x6t9f9kgpizzvul9j2lh8elan", "fields": {"session_data": ".eJxVjEEOwiAQRe_C2hDLADO6dO8ZyACDVA1NSrsy3l2bdKHb_977LxV4XWpYu8xhzOqsQB1-t8jpIW0D-c7tNuk0tWUeo94UvdOur1OW52V3_w4q9_qtbSG0EcT4ky22FMeScrQekgyJRDwUJKISHSGig4yGE1AczNEIAqv3B_mqOCM:1vndbK:5-bOU2htsfWevqTD6krvhna5Kyh2gC1-Y4f3ZvGIMGQ", "expire_date": "2026-02-18T14:11:26.955Z"}}, {"model": "sessions.session", "pk": "d46tawijsbl23eq4d4376fycru5kc4jq", "fields": {"session_data": ".eJxVjEEOwiAQRe_C2hDLADO6dO8ZyACDVA1NSrsy3l2bdKHb_977LxV4XWpYu8xhzOqsQB1-t8jpIW0D-c7tNuk0tWUeo94UvdOur1OW52V3_w4q9_qtbSG0EcT4ky22FMeScrQekgyJRDwUJKISHSGig4yGE1AczNEIAqv3B_mqOCM:1vnuK2:bMhYY76qQKaV0fxx8B1B2iWUijLVtXSxWwZtfJ4xmeo", "expire_date": "2026-02-19T08:02:42.064Z"}}, {"model": "sessions.session", "pk": "gbivk57qtd1ie5v6t052u0vua2wcxa6m", "fields": {"session_data": ".eJxVjEEOwiAQRe_C2hDLADO6dO8ZyACDVA1NSrsy3l2bdKHb_977LxV4XWpYu8xhzOqsQB1-t8jpIW0D-c7tNuk0tWUeo94UvdOur1OW52V3_w4q9_qtbSG0EcT4ky22FMeScrQekgyJRDwUJKISHSGig4yGE1AczNEIAqv3B_mqOCM:1vnur6:wV9vaMDYep0FFSHmFNI6gakPSPqsVBH7UaAGjVFsqVM", "expire_date": "2026-02-19T08:36:52.528Z"}}, {"model": "sessions.session", "pk": "iod1owpv48qtu2sc1utq6aywl7xzwlp1", "fields": {"session_data": ".eJxVjEEOwiAQRe_C2hDLADO6dO8ZyACDVA1NSrsy3l2bdKHb_977LxV4XWpYu8xhzOqsQB1-t8jpIW0D-c7tNuk0tWUeo94UvdOur1OW52V3_w4q9_qtbSG0EcT4ky22FMeScrQekgyJRDwUJKISHSGig4yGE1AczNEIAqv3B_mqOCM:1vnp8b:lGpD_qQObV0xEMxLVfMWWLnVuhjj-zUlAnl3QPj_DNc", "expire_date": "2026-02-19T02:30:33.963Z"}}, {"model": "sessions.session", "pk": "oxfuketitbsddr2i7os35dt77ppe9hwh", "fields": {"session_data": ".eJxVjEEOwiAQRe_C2hDLADO6dO8ZyACDVA1NSrsy3l2bdKHb_977LxV4XWpYu8xhzOqsQB1-t8jpIW0D-c7tNuk0tWUeo94UvdOur1OW52V3_w4q9_qtbSG0EcT4ky22FMeScrQekgyJRDwUJKISHSGig4yGE1AczNEIAqv3B_mqOCM:1vnuev:wrYL6i94M8_i5fh6-yHwplQVcnU4mipSdVcBZxit4cQ", "expire_date": "2026-02-19T08:24:17.968Z"}}, {"model": "sessions.session", "pk": "vfgkgpmhc0yuu65qy5mlhus0tc8re9u9", "fields": {"session_data": ".eJxVjEEOwiAQRe_C2hDLADO6dO8ZyACDVA1NSrsy3l2bdKHb_977LxV4XWpYu8xhzOqsQB1-t8jpIW0D-c7tNuk0tWUeo94UvdOur1OW52V3_w4q9_qtbSG0EcT4ky22FMeScrQekgyJRDwUJKISHSGig4yGE1AczNEIAqv3B_mqOCM:1vndQo:x6szers9GF6cR0HDsva8JtIWjVBb8EZQ2wwguiwGI1g", "expire_date": "2026-02-18T14:00:34.996Z"}}, {"model": "sessions.session", "pk": "xqkttup2fpef26liuvwcmib0o2ml97g1", "fields": {"session_data": ".eJxVjEEOwiAQRe_C2hDLADO6dO8ZyACDVA1NSrsy3l2bdKHb_977LxV4XWpYu8xhzOqsQB1-t8jpIW0D-c7tNuk0tWUeo94UvdOur1OW52V3_w4q9_qtbSG0EcT4ky22FMeScrQekgyJRDwUJKISHSGig4yGE1AczNEIAqv3B_mqOCM:1vnc4d:leradLnbfRKvjmKR7d9HPdK1Af5uBtYtkBsQAu4Uncs", "expire_date": "2026-02-18T12:33:35.406Z"}}, {"model": "sessions.session", "pk": "z6916ln005dl623vu1opyzbq4r2mtxad", "fields": {"session_data": ".eJxVjEEOwiAQRe_C2hDLADO6dO8ZyACDVA1NSrsy3l2bdKHb_977LxV4XWpYu8xhzOqsQB1-t8jpIW0D-c7tNuk0tWUeo94UvdOur1OW52V3_w4q9_qtbSG0EcT4ky22FMeScrQekgyJRDwUJKISHSGig4yGE1AczNEIAqv3B_mqOCM:1vnp9X:aAjYEt0XK8TZTntoaNAEn7cBC6J87yYL8ug4SVHkJV0", "expire_date": "2026-02-19T02:31:31.739Z"}}, {"model": "sessions.session", "pk": "zjoofugjt78crvivbde1e9dbctt9kcx8", "fields": {"session_data": ".eJxVjEEOwiAQRe_C2hDLADO6dO8ZyACDVA1NSrsy3l2bdKHb_977LxV4XWpYu8xhzOqsQB1-t8jpIW0D-c7tNuk0tWUeo94UvdOur1OW52V3_w4q9_qtbSG0EcT4ky22FMeScrQekgyJRDwUJKISHSGig4yGE1AczNEIAqv3B_mqOCM:1vnuSx:PNNGNkFnlFWmukxC38D47JJdkvD9XiumVMYzI5rDtwI", "expire_date": "2026-02-19T08:11:55.922Z"}}, {"model": "core.userprofile", "pk": 2, "fields": {"created_at": "2026-02-04T10:55:40.682Z", "updated_at": "2026-02-04T11:21:05.019Z", "user": 2, "role": "SUPERADMIN", "owner": null, "is_active": true, "subscription_status": "ACTIVE", "trial_started_at": null, "subscription_expires_at": null}}, {"model": "core.userprofile", "pk": 3, "fields": {"created_at": "2026-02-04T10:56:49.430Z", "updated_at": "2026-02-04T10:57:24.023Z", "user": 3, "role": "OWNER", "owner": null, "is_active": true, "subscription_status": "ACTIVE", "trial_started_at": "2026-02-07T11:32:26.580Z", "subscription_expires_at": "2026-03-09T11:32:26.580Z"}}, {"model": "core.userprofile", "pk": 8, "fields": {"created_at": "2026-02-04T16:59:00.459Z", "updated_at": "2026-02-04T17:00:25.869Z", "user": 8, "role": "OWNER", "owner": null, "is_active": true, "subscription_status": "ACTIVE", "trial_started_at": "2026-02-07T10:23:57.637Z", "subscription_expires_at": "2026-03-09T10:23:57.637Z"}}, {"model": "core.userprofile", "pk": 9, "fields": {"created_at": "2026-02-06T13:16:33.672Z", "updated_at": "2026-02-06T13:16:33.672Z", "user": 9, "role": "STAFF", "owner": null, "is_active": true, "subscription_status": "TRIAL", "trial_started_at": null, "subscription_expires_at": null}}, {"model": "core.userprofile", "pk": 10, "fields": {"created_at": "2026-02-06T13:16:33.847Z", "updated_at": "2026-02-06T13:16:33.847Z", "user": 10, "role": "STAFF", "owner": null, "is_active": true, "subscription_status": "TRIAL", "trial_started_at": null, "subscription_expires_at": null}}, {"model": "core.userprofile", "pk": 11, "fields": {"created_at": "2026-02-07T02:59:28.380Z", "updated_at": "2026-02-07T02:59:28.382Z", "user": 11, "role": "STAFF", "owner": 3, "is_active": true, "subscription_status": "TRIAL", "trial_started_at": null, "subscription_expires_at": null}}, {"model": "core.userprofile", "pk": 12, "fields": {"created_at": "2026-02-07T03:01:31.220Z", "updated_at": "2026-02-07T03:01:31.223Z", "user": 12, "role": "STAFF", "owner": 3, "is_active": true, "subscription_status": "TRIAL", "trial_started_at": null, "subscription_expires_at": null}}, {"model": "core.account", "pk": 1, "fields": {"created_at": "2026-02-04T11:12:00.956Z", "updated_at": "2026-02-04T11:12:00.956Z", "owner": 3, "code": "1200", "name": "Inventory", "account_type": "ASSET", "is_cash_or_bank": false, "allow_for_payments": false}}, {"model": "core.account", "pk": 2, "fields": {"created_at": "2026-02-04T11:12:00.956Z", "updated_at": "2026-02-04T11:12:00.956Z", "owner": 3, "code": "1300", "name": "Customer Control", "account_type": "ASSET", "is_cash_or_bank": false, "allow_for_payments": false}}, {"model": "core.account", "pk": 3, "fields": {"created_at": "2026-02-04T11:12:00.957Z", "updated_at": "2026-02-04T11:12:00.957Z", "owner": 3, "code": "2100", "name": "Supplier Control", "account_type": "LIABILITY", "is_cash_or_bank": false, "allow_for_payments": false}}, {"model": "core.account", "pk": 4, "fields": {"created_at": "2026-02-04T11:12:00.957Z", "updated_at": "2026-02-04T11:12:00.957Z", "owner": 3, "code": "3000", "name": "Opening Balances", "account_type": "EQUITY", "is_cash_or_bank": false, "allow_for_payments": false}}, {"model": "core.account", "pk": 5, "fields": {"created_at": "2026-02-04T11:12:00.957Z", "updated_at": "2026-02-04T11:12:00.957Z", "owner": 3, "code": "5100", "name": "Inventory Write-off (Damage/Expiry)", "account_type": "EXPENSE", "is_cash_or_bank": false, "allow_for_payments": false}}, {"model": "core.account", "pk": 8, "fields": {"created_at": "2026-02-04T17:04:57.095Z", "updated_at": "2026-02-04T17:04:57.095Z", "owner": 8, "code": "1200", "name": "Inventory", "account_type": "ASSET", "is_cash_or_bank": false, "allow_for_payments": false}}, {"model": "core.account", "pk": 9, "fields": {"created_at": "2026-02-04T17:04:57.096Z", "updated_at": "2026-02-04T17:04:57.096Z", "owner": 8, "code": "1300", "name": "Customer Control", "account_type": "ASSET", "is_cash_or_bank": false, "allow_for_payments": false}}, {"model": "core.account", "pk": 10, "fields": {"created_at": "2026-02-04T17:04:57.097Z", "updated_at": "2026-02-04T17:04:57.097Z", "owner": 8, "code": "2100", "name": "Supplier Control", "account_type": "LIABILITY", "is_cash_or_bank": false, "allow_for_payments": false}}, {"model": "core.account", "pk": 11, "fields": {"created_at": "2026-02-04T17:04:57.098Z", "updated_at": "2026-02-04T17:04:57.098Z", "owner": 8, "code": "3000", "name": "Opening Balances", "account_type": "EQUITY", "is_cash_or_bank": false, "allow_for_payments": false}}, {"model": "core.account", "pk": 12, "fields": {"created_at": "2026-02-04T17:04:57.098Z", "updated_at": "2026-02-04T17:04:57.099Z", "owner": 8, "code": "5100", "name": "Inventory Write-off (Damage/Expiry)", "account_type": "EXPENSE", "is_cash_or_bank": false, "allow_for_payments": false}}, {"model": "core.account", "pk": 13, "fields": {"created_at": "2026-02-04T17:04:57.099Z", "updated_at": "2026-02-04T17:04:57.099Z", "owner": 8, "code": "1000", "name": "Cash", "account_type": "ASSET", "is_cash_or_bank": true, "allow_for_payments": true}}, {"model": "core.account", "pk": 14, "fields": {"created_at": "2026-02-04T17:04:57.100Z", "updated_at": "2026-02-04T17:04:57.100Z", "owner": 8, "code": "1010", "name": "Cash", "account_type": "ASSET", "is_cash_or_bank": true, "allow_for_payments": true}}, {"model": "core.account", "pk": 15, "fields": {"created_at": "2026-02-05T10:36:33.873Z", "updated_at": "2026-02-05T10:36:33.873Z", "owner": 3, "code": "200", "name": "HBL Airport Road", "account_type": "ASSET", "is_cash_or_bank": true, "allow_for_payments": true}}, {"model": "core.account", "pk": 17, "fields": {"created_at": "2026-02-05T10:58:38.074Z", "updated_at": "2026-02-05T10:58:38.074Z", "owner": 3, "code": "400", "name": "Askari Bank, Hazar Ganji", "account_type": "ASSET", "is_cash_or_bank": true, "allow_for_payments": true}}, {"model": "core.account", "pk": 19, "fields": {"created_at": "2026-02-05T12:21:58.635Z", "updated_at": "2026-02-05T12:21:58.635Z", "owner": 8, "code": "1020", "name": "Bank", "account_type": "ASSET", "is_cash_or_bank": true, "allow_for_payments": true}}, {"model": "core.account", "pk": 20, "fields": {"created_at": "2026-02-06T18:56:19.664Z", "updated_at": "2026-02-06T18:56:19.664Z", "owner": 2, "code": "1300", "name": "Customer Control", "account_type": "ASSET", "is_cash_or_bank": false, "allow_for_payments": false}}, {"model": "core.account", "pk": 21, "fields": {"created_at": "2026-02-06T18:56:19.666Z", "updated_at": "2026-02-06T18:56:19.666Z", "owner": 2, "code": "3000", "name": "Opening Balances", "account_type": "EQUITY", "is_cash_or_bank": false, "allow_for_payments": false}}, {"model": "core.account", "pk": 22, "fields": {"created_at": "2026-02-06T18:59:30.439Z", "updated_at": "2026-02-06T18:59:30.439Z", "owner": 2, "code": "111", "name": "Meezan Bank Hazarganji", "account_type": "ASSET", "is_cash_or_bank": true, "allow_for_payments": true}}, {"model": "core.account", "pk": 23, "fields": {"created_at": "2026-02-06T19:02:59.098Z", "updated_at": "2026-02-06T19:02:59.099Z", "owner": 2, "code": "1200", "name": "Inventory", "account_type": "ASSET", "is_cash_or_bank": false, "allow_for_payments": false}}, {"model": "core.account", "pk": 24, "fields": {"created_at": "2026-02-07T02:13:29.573Z", "updated_at": "2026-02-07T02:13:29.573Z", "owner": 2, "code": "2100", "name": "Supplier Control", "account_type": "LIABILITY", "is_cash_or_bank": false, "allow_for_payments": false}}, {"model": "core.account", "pk": 25, "fields": {"created_at": "2026-02-07T07:45:09.385Z", "updated_at": "2026-02-07T07:45:09.385Z", "owner": 13, "code": "1200", "name": "Inventory", "account_type": "ASSET", "is_cash_or_bank": false, "allow_for_payments": false}}, {"model": "core.account", "pk": 26, "fields": {"created_at": "2026-02-07T07:45:09.386Z", "updated_at": "2026-02-07T07:45:09.386Z", "owner": 13, "code": "1300", "name": "Customer Control", "account_type": "ASSET", "is_cash_or_bank": false, "allow_for_payments": false}}, {"model": "core.account", "pk": 27, "fields": {"created_at": "2026-02-07T07:45:09.386Z", "updated_at": "2026-02-07T07:45:09.386Z", "owner": 13, "code": "2100", "name": "Supplier Control", "account_type": "LIABILITY", "is_cash_or_bank": false, "allow_for_payments": false}}, {"model": "core.account", "pk": 28, "fields": {"created_at": "2026-02-07T07:45:09.387Z", "updated_at": "2026-02-07T07:45:09.387Z", "owner": 13, "code": "3000", "name": "Opening Balances", "account_type": "EQUITY", "is_cash_or_bank": false, "allow_for_payments": false}}, {"model": "core.account", "pk": 29, "fields": {"created_at": "2026-02-07T07:45:09.387Z", "updated_at": "2026-02-07T07:45:09.387Z", "owner": 13, "code": "5100", "name": "Inventory Write-off (Damage/Expiry)", "account_type": "EXPENSE", "is_cash_or_bank": false, "allow_for_payments": false}}, {"model": "core.account", "pk": 30, "fields": {"created_at": "2026-02-07T07:45:09.387Z", "updated_at": "2026-02-07T07:45:09.387Z", "owner": 13, "code": "1010", "name": "Cash", "account_type": "ASSET", "is_cash_or_bank": true, "allow_for_payments": true}}, {"model": "core.account", "pk": 31, "fields": {"created_at": "2026-02-07T07:45:09.388Z", "updated_at": "2026-02-07T07:45:09.388Z", "owner": 13, "code": "1020", "name": "Bank", "account_type": "ASSET", "is_cash_or_bank": true, "allow_for_payments": true}}, {"model": "core.product", "pk": 1, "fields": {"created_at": "2026-02-05T10:30:59.445Z", "updated_at": "2026-02-05T10:30:59.445Z", "owner": 3, "code": "111", "name": "Milk Pack", "unit": "LITRE", "packing_type": "CARTON", "pieces_per_pack": "12.000", "purchase_price_per_unit": "200.00", "sale_price_per_unit": "250.00", "current_stock": "8.000", "is_active": true}}, {"model": "core.product", "pk": 2, "fields": {"created_at": "2026-02-06T18:59:03.651Z", "updated_at": "2026-02-06T18:59:03.651Z", "owner": 2, "code": "111", "name": "Milk Pack", "unit": "UNIT", "packing_type": "CARTON", "pieces_per_pack": "12.000", "purchase_price_per_unit": "200.00", "sale_price_per_unit": "250.00", "current_stock": "8.000", "is_active": true}}, {"model": "core.product", "pk": 3, "fields": {"created_at": "2026-02-07T02:17:56.640Z", "updated_at": "2026-02-07T02:17:56.640Z", "owner": 2, "code": "222", "name": "Shampoo", "unit": "UNIT", "packing_type": "CARTON", "pieces_per_pack": "8.000", "purchase_price_per_unit": "1500.00", "sale_price_per_unit": "2000.00", "current_stock": "2.000", "is_active": true}}, {"model": "core.party", "pk": 1, "fields": {"created_at": "2026-02-05T10:29:48.538Z", "updated_at": "2026-02-05T10:29:48.538Z", "owner": 3, "name": "Syed Amir Shah", "party_type": "CUSTOMER", "phone": "03330552363", "address": "Department of Political Science, University of Balochistan\r\nSariab Road", "city": "Quetta", "opening_balance": "1000.00", "opening_balance_is_debit": true, "is_active": true}}, {"model": "core.party", "pk": 2, "fields": {"created_at": "2026-02-05T10:30:16.383Z", "updated_at": "2026-02-05T10:30:16.383Z", "owner": 3, "name": "Nestle", "party_type": "SUPPLIER", "phone": "0333-0543533", "address": "Ring Road", "city": "Lahore", "opening_balance": "0.00", "opening_balance_is_debit": true, "is_active": true}}, {"model": "core.party", "pk": 3, "fields": {"created_at": "2026-02-06T18:56:19.659Z", "updated_at": "2026-02-06T18:56:19.659Z", "owner": 2, "name": "Minsa Amir", "party_type": "CUSTOMER", "phone": "423432423", "address": "Airport Road", "city": "Quetta", "opening_balance": "5000.00", "opening_balance_is_debit": true, "is_active": true}}, {"model": "core.party", "pk": 4, "fields": {"created_at": "2026-02-06T18:56:47.219Z", "updated_at": "2026-02-06T18:56:47.219Z", "owner": 2, "name": "Wajiha Amir", "party_type": "CUSTOMER", "phone": "24324234234", "address": "Ring Road", "city": "Karachi", "opening_balance": "1000.00", "opening_balance_is_debit": true, "is_active": true}}, {"model": "core.party", "pk": 5, "fields": {"created_at": "2026-02-06T18:57:36.494Z", "updated_at": "2026-02-06T18:57:36.494Z", "owner": 2, "name": "Nestle", "party_type": "SUPPLIER", "phone": "23423423", "address": "Ferozpur Road", "city": "Lahore", "opening_balance": "0.00", "opening_balance_is_debit": true, "is_active": true}}, {"model": "core.party", "pk": 6, "fields": {"created_at": "2026-02-07T02:16:35.861Z", "updated_at": "2026-02-07T02:16:35.861Z", "owner": 2, "name": "Haseeb Shah", "party_type": "CUSTOMER", "phone": "42342342", "address": "Kashmire Highway", "city": "Islamabad", "opening_balance": "0.00", "opening_balance_is_debit": true, "is_active": true}}, {"model": "core.party", "pk": 7, "fields": {"created_at": "2026-02-07T02:17:11.971Z", "updated_at": "2026-02-07T02:17:11.971Z", "owner": 2, "name": "Proctor & Gamble", "party_type": "SUPPLIER", "phone": "242342342", "address": "Khairber Road", "city": "Peshawar", "opening_balance": "0.00", "opening_balance_is_debit": true, "is_active": true}}, {"model": "core.journalentry", "pk": 1, "fields": {"created_at": "2026-02-05T10:49:12.074Z", "updated_at": "2026-02-05T10:49:12.074Z", "owner": 3, "date": "2026-02-05", "description": "Purchase Invoice 1", "debit_account": 1, "credit_account": 3, "amount": "4000.00", "related_model": "PurchaseInvoice", "related_id": 1}}, {"model": "core.journalentry", "pk": 2, "fields": {"created_at": "2026-02-05T10:50:02.987Z", "updated_at": "2026-02-05T10:50:02.987Z", "owner": 3, "date": "2026-02-05", "description": "Sales Invoice 1", "debit_account": 2, "credit_account": 1, "amount": "2500.00", "related_model": "SalesInvoice", "related_id": 1}}, {"model": "core.journalentry", "pk": 3, "fields": {"created_at": "2026-02-05T10:50:02.994Z", "updated_at": "2026-02-05T10:50:02.995Z", "owner": 3, "date": "2026-02-05", "description": "Payment for Sales Invoice 1", "debit_account": 15, "credit_account": 2, "amount": "2500.00", "related_model": "Payment", "related_id": 1}}, {"model": "core.journalentry", "pk": 4, "fields": {"created_at": "2026-02-05T10:54:35.096Z", "updated_at": "2026-02-05T10:54:35.096Z", "owner": 3, "date": "2026-02-05", "description": "Damaged due to rain", "debit_account": 5, "credit_account": 1, "amount": "400.00", "related_model": "StockAdjustment", "related_id": 1}}, {"model": "core.journalentry", "pk": 5, "fields": {"created_at": "2026-02-05T10:58:38.084Z", "updated_at": "2026-02-05T10:58:38.084Z", "owner": 3, "date": "2026-02-05", "description": "Opening balance for 400 - Askari Bank, Hazar Ganji", "debit_account": 17, "credit_account": 4, "amount": "2000.00", "related_model": "AccountOpening", "related_id": 17}}, {"model": "core.journalentry", "pk": 6, "fields": {"created_at": "2026-02-05T11:00:17.935Z", "updated_at": "2026-02-05T11:00:17.935Z", "owner": 3, "date": "2026-02-05", "description": "Adjustment (DR)", "debit_account": 2, "credit_account": 4, "amount": "500.00", "related_model": "Payment", "related_id": 2}}, {"model": "core.journalentry", "pk": 7, "fields": {"created_at": "2026-02-05T11:12:31.021Z", "updated_at": "2026-02-05T11:12:31.021Z", "owner": 3, "date": "2026-02-05", "description": "Adjustment (CR)", "debit_account": 4, "credit_account": 2, "amount": "300.00", "related_model": "Payment", "related_id": 3}}, {"model": "core.journalentry", "pk": 8, "fields": {"created_at": "2026-02-06T18:56:19.669Z", "updated_at": "2026-02-06T18:56:19.669Z", "owner": 2, "date": "2026-02-06", "description": "Opening balance - Minsa Amir (CUSTOMER)", "debit_account": 20, "credit_account": 21, "amount": "5000.00", "related_model": "PartyOpening", "related_id": 3}}, {"model": "core.journalentry", "pk": 9, "fields": {"created_at": "2026-02-06T18:56:47.224Z", "updated_at": "2026-02-06T18:56:47.225Z", "owner": 2, "date": "2026-02-06", "description": "Opening balance - Wajiha Amir (CUSTOMER)", "debit_account": 20, "credit_account": 21, "amount": "1000.00", "related_model": "PartyOpening", "related_id": 4}}, {"model": "core.journalentry", "pk": 10, "fields": {"created_at": "2026-02-06T18:59:30.445Z", "updated_at": "2026-02-06T18:59:30.445Z", "owner": 2, "date": "2026-02-06", "description": "Opening balance for 111 - HBL", "debit_account": 22, "credit_account": 21, "amount": "200000.00", "related_model": "AccountOpening", "related_id": 22}}, {"model": "core.journalentry", "pk": 11, "fields": {"created_at": "2026-02-06T19:02:59.101Z", "updated_at": "2026-02-06T19:02:59.101Z", "owner": 2, "date": "2026-02-06", "description": "Sales Invoice 2", "debit_account": 20, "credit_account": 23, "amount": "500.00", "related_model": "SalesInvoice", "related_id": 2}}, {"model": "core.journalentry", "pk": 12, "fields": {"created_at": "2026-02-06T19:02:59.107Z", "updated_at": "2026-02-06T19:02:59.107Z", "owner": 2, "date": "2026-02-06", "description": "Payment for Sales Invoice 2", "debit_account": 22, "credit_account": 20, "amount": "500.00", "related_model": "Payment", "related_id": 4}}, {"model": "core.journalentry", "pk": 13, "fields": {"created_at": "2026-02-07T02:13:29.576Z", "updated_at": "2026-02-07T02:13:29.576Z", "owner": 2, "date": "2026-02-07", "description": "Purchase Invoice 2", "debit_account": 23, "credit_account": 24, "amount": "2000.00", "related_model": "PurchaseInvoice", "related_id": 2}}, {"model": "core.journalentry", "pk": 14, "fields": {"created_at": "2026-02-07T02:13:29.581Z", "updated_at": "2026-02-07T02:13:29.581Z", "owner": 2, "date": "2026-02-07", "description": "Payment for Purchase Invoice 2", "debit_account": 24, "credit_account": 22, "amount": "1000.00", "related_model": "Payment", "related_id": 5}}, {"model": "core.journalentry", "pk": 15, "fields": {"created_at": "2026-02-07T02:39:21.296Z", "updated_at": "2026-02-07T02:39:21.296Z", "owner": 2, "date": "2026-02-07", "description": "Purchase Invoice 6", "debit_account": 23, "credit_account": 24, "amount": "3000.00", "related_model": "PurchaseInvoice", "related_id": 6}}, {"model": "core.journalentry", "pk": 16, "fields": {"created_at": "2026-02-07T02:39:21.302Z", "updated_at": "2026-02-07T02:39:21.302Z", "owner": 2, "date": "2026-02-07", "description": "Payment for Purchase Invoice 6", "debit_account": 24, "credit_account": 22, "amount": "200.00", "related_model": "Payment", "related_id": 6}}, {"model": "core.journalentry", "pk": 17, "fields": {"created_at": "2026-02-07T14:40:53.825Z", "updated_at": "2026-02-07T14:40:53.825Z", "owner": 3, "date": "2026-02-07", "description": "Purchase Invoice 7", "debit_account": 1, "credit_account": 3, "amount": "200.00", "related_model": "PurchaseInvoice", "related_id": 7}}, {"model": "core.journalentry", "pk": 18, "fields": {"created_at": "2026-02-07T15:30:37.314Z", "updated_at": "2026-02-07T15:30:37.314Z", "owner": 3, "date": "2026-02-07", "description": "Sales Invoice 3", "debit_account": 2, "credit_account": 1, "amount": "250.00", "related_model": "SalesInvoice", "related_id": 3}}, {"model": "core.payment", "pk": 1, "fields": {"created_at": "2026-02-05T10:50:02.991Z", "updated_at": "2026-02-05T10:50:02.991Z", "owner": 3, "date": "2026-02-05", "party": 1, "account": 15, "direction": "IN", "amount": "2500.00", "description": "Payment for Sales Invoice 1", "posted": true, "related_model": "", "related_id": null, "is_adjustment": false, "adjustment_side": ""}}, {"model": "core.payment", "pk": 2, "fields": {"created_at": "2026-02-05T11:00:17.922Z", "updated_at": "2026-02-05T11:00:17.922Z", "owner": 3, "date": "2026-02-05", "party": 1, "account": null, "direction": "IN", "amount": "500.00", "description": "Adjustment (DR)", "posted": true, "related_model": "", "related_id": null, "is_adjustment": true, "adjustment_side": "DR"}}, {"model": "core.payment", "pk": 3, "fields": {"created_at": "2026-02-05T11:12:31.012Z", "updated_at": "2026-02-05T11:12:31.012Z", "owner": 3, "date": "2026-02-05", "party": 1, "account": null, "direction": "IN", "amount": "300.00", "description": "Adjustment (CR)", "posted": true, "related_model": "", "related_id": null, "is_adjustment": true, "adjustment_side": "CR"}}, {"model": "core.payment", "pk": 4, "fields": {"created_at": "2026-02-06T19:02:59.104Z", "updated_at": "2026-02-06T19:02:59.104Z", "owner": 2, "date": "2026-02-06", "party": 3, "account": 22, "direction": "IN", "amount": "500.00", "description": "Payment for Sales Invoice 2", "posted": true, "related_model": "SalesInvoice", "related_id": 2, "is_adjustment": false, "adjustment_side": ""}}, {"model": "core.payment", "pk": 5, "fields": {"created_at": "2026-02-07T02:13:29.579Z", "updated_at": "2026-02-07T02:13:29.579Z", "owner": 2, "date": "2026-02-07", "party": 5, "account": 22, "direction": "OUT", "amount": "1000.00", "description": "Payment for Purchase Invoice 2", "posted": true, "related_model": "PurchaseInvoice", "related_id": 2, "is_adjustment": false, "adjustment_side": ""}}, {"model": "core.payment", "pk": 6, "fields": {"created_at": "2026-02-07T02:39:21.300Z", "updated_at": "2026-02-07T02:39:21.300Z", "owner": 2, "date": "2026-02-07", "party": 7, "account": 22, "direction": "OUT", "amount": "200.00", "description": "Payment for Purchase Invoice 6", "posted": true, "related_model": "PurchaseInvoice", "related_id": 6, "is_adjustment": false, "adjustment_side": ""}}, {"model": "core.salesinvoice", "pk": 1, "fields": {"created_at": "2026-02-05T10:49:52.014Z", "updated_at": "2026-02-05T10:50:00.585Z", "owner": 3, "customer": 1, "invoice_number": "1", "invoice_date": "2026-02-05", "notes": "", "posted": true, "payment_type": "FULL", "payment_account": 15, "payment_amount": "2500.00"}}, {"model": "core.salesinvoice", "pk": 2, "fields": {"created_at": "2026-02-06T19:02:57.206Z", "updated_at": "2026-02-06T19:02:57.206Z", "owner": 2, "customer": 3, "invoice_number": "1", "invoice_date": "2026-02-06", "notes": "", "posted": true, "payment_type": "FULL", "payment_account": 22, "payment_amount": "500.00"}}, {"model": "core.salesinvoice", "pk": 3, "fields": {"created_at": "2026-02-07T15:30:23.631Z", "updated_at": "2026-02-07T15:30:23.631Z", "owner": 3, "customer": 1, "invoice_number": "2", "invoice_date": "2026-02-07", "notes": "", "posted": true, "payment_type": "CREDIT", "payment_account": null, "payment_amount": "0.00"}}, {"model": "core.salesinvoice", "pk": 4, "fields": {"created_at": "2026-02-07T15:36:44.989Z", "updated_at": "2026-02-07T15:36:44.989Z", "owner": 3, "customer": 1, "invoice_number": "4", "invoice_date": "2026-02-07", "notes": "", "posted": false, "payment_type": "CREDIT", "payment_account": null, "payment_amount": "0.00"}}, {"model": "core.salesinvoiceitem", "pk": 2, "fields": {"created_at": "2026-02-05T10:50:00.588Z", "updated_at": "2026-02-05T10:50:00.588Z", "owner": 3, "sales_invoice": 1, "product": 1, "unit_type": "LITRE", "quantity_units": "10.000", "unit_price": "250.00", "discount_amount": "0.00"}}, {"model": "core.salesinvoiceitem", "pk": 3, "fields": {"created_at": "2026-02-06T19:02:57.209Z", "updated_at": "2026-02-06T19:02:57.209Z", "owner": 2, "sales_invoice": 2, "product": 2, "unit_type": "UNIT", "quantity_units": "2.000", "unit_price": "250.00", "discount_amount": "0.00"}}, {"model": "core.salesinvoiceitem", "pk": 4, "fields": {"created_at": "2026-02-07T15:30:23.633Z", "updated_at": "2026-02-07T15:30:23.633Z", "owner": 3, "sales_invoice": 3, "product": 1, "unit_type": "LITRE", "quantity_units": "1.000", "unit_price": "250.00", "discount_amount": "0.00"}}, {"model": "core.salesinvoiceitem", "pk": 5, "fields": {"created_at": "2026-02-07T15:36:44.991Z", "updated_at": "2026-02-07T15:36:44.991Z", "owner": 3, "sales_invoice": 4, "product": 1, "unit_type": "LITRE", "quantity_units": "1.000", "unit_price": "250.00", "discount_amount": "0.00"}}, {"model": "core.purchaseinvoice", "pk": 1, "fields": {"created_at": "2026-02-05T10:48:58.976Z", "updated_at": "2026-02-05T10:49:09.791Z", "owner": 3, "supplier": 2, "invoice_number": "", "invoice_date": "2026-02-05", "date_received": null, "freight_charges": "0.00", "other_charges": "0.00", "notes": "", "posted": true, "payment_type": "CREDIT", "payment_account": null, "payment_amount": "0.00"}}, {"model": "core.purchaseinvoice", "pk": 2, "fields": {"created_at": "2026-02-06T19:01:55.256Z", "updated_at": "2026-02-06T19:01:55.257Z", "owner": 2, "supplier": 5, "invoice_number": "", "invoice_date": "2026-02-07", "date_received": null, "freight_charges": "0.00", "other_charges": "0.00", "notes": "", "posted": true, "payment_type": "PARTIAL", "payment_account": 22, "payment_amount": "1000.00"}}, {"model": "core.purchaseinvoice", "pk": 6, "fields": {"created_at": "2026-02-07T02:39:10.671Z", "updated_at": "2026-02-07T02:39:10.671Z", "owner": 2, "supplier": 7, "invoice_number": "AUTO-02:39:10", "invoice_date": "2026-02-07", "date_received": null, "freight_charges": "0.00", "other_charges": "0.00", "notes": "", "posted": true, "payment_type": "PARTIAL", "payment_account": 22, "payment_amount": "200.00"}}, {"model": "core.purchaseinvoice", "pk": 7, "fields": {"created_at": "2026-02-07T14:40:41.495Z", "updated_at": "2026-02-07T14:40:41.495Z", "owner": 3, "supplier": 2, "invoice_number": "AUTO-14:40:41", "invoice_date": "2026-02-07", "date_received": null, "freight_charges": "0.00", "other_charges": "0.00", "notes": "", "posted": true, "payment_type": "CREDIT", "payment_account": null, "payment_amount": "0.00"}}, {"model": "core.purchaseinvoice", "pk": 8, "fields": {"created_at": "2026-02-07T14:41:26.371Z", "updated_at": "2026-02-07T14:41:26.371Z", "owner": 3, "supplier": 2, "invoice_number": "1", "invoice_date": "2026-02-07", "date_received": null, "freight_charges": "0.00", "other_charges": "0.00", "notes": "", "posted": false, "payment_type": "CREDIT", "payment_account": null, "payment_amount": "0.00"}}, {"model": "core.purchaseinvoiceitem", "pk": 2, "fields": {"created_at": "2026-02-05T10:49:09.792Z", "updated_at": "2026-02-05T10:49:09.792Z", "owner": 3, "purchase_invoice": 1, "product": 1, "unit_type": "LITRE", "quantity_units": "20.000", "unit_price": "200.00", "discount_amount": "0.00"}}, {"model": "core.purchaseinvoiceitem", "pk": 3, "fields": {"created_at": "2026-02-06T19:01:55.259Z", "updated_at": "2026-02-06T19:01:55.259Z", "owner": 2, "purchase_invoice": 2, "product": 2, "unit_type": "UNIT", "quantity_units": "10.000", "unit_price": "200.00", "discount_amount": "0.00"}}, {"model": "core.purchaseinvoiceitem", "pk": 7, "fields": {"created_at": "2026-02-07T02:39:10.673Z", "updated_at": "2026-02-07T02:39:10.673Z", "owner": 2, "purchase_invoice": 6, "product": 3, "unit_type": "UNIT", "quantity_units": "2.000", "unit_price": "1500.00", "discount_amount": "0.00"}}, {"model": "core.purchaseinvoiceitem", "pk": 8, "fields": {"created_at": "2026-02-07T14:40:41.498Z", "updated_at": "2026-02-07T14:40:41.498Z", "owner": 3, "purchase_invoice": 7, "product": 1, "unit_type": "LITRE", "quantity_units": "1.000", "unit_price": "200.00", "discount_amount": "0.00"}}, {"model": "core.purchaseinvoiceitem", "pk": 9, "fields": {"created_at": "2026-02-07T14:41:26.373Z", "updated_at": "2026-02-07T14:41:26.373Z", "owner": 3, "purchase_invoice": 8, "product": 1, "unit_type": "LITRE", "quantity_units": "1.000", "unit_price": "200.00", "discount_amount": "0.00"}}, {"model": "core.stockadjustment", "pk": 1, "fields": {"created_at": "2026-02-05T10:54:35.088Z", "updated_at": "2026-02-05T10:54:35.088Z", "owner": 3, "date": "2026-02-05", "product": 1, "direction": "DOWN", "qty": "2.000", "unit_cost": "200.00", "reason": "Damaged due to rain", "posted": true}}, {"model": "core.companyprofile", "pk": 1, "fields": {"created_at": "2026-02-04T11:12:00.954Z", "updated_at": "2026-02-07T03:27:37.987Z", "owner": 3, "name": "Standard Zarai Markaz", "logo": "company_logo/CROPPED-Amir_Pic_Large_new.jpg", "phone": "0333-0334455", "email": "", "address": "", "slug": "alpha"}}, {"model": "core.companyprofile", "pk": 2, "fields": {"created_at": "2026-02-04T17:03:41.741Z", "updated_at": "2026-02-05T02:29:58.913Z", "owner": 8, "name": "Company_XYZ", "logo": "", "phone": "", "email": "", "address": "", "slug": "beta"}}, {"model": "core.companyprofile", "pk": 3, "fields": {"created_at": "2026-02-07T07:45:09.383Z", "updated_at": "2026-02-07T07:45:09.383Z", "owner": 13, "name": "Syed Haseeb Shah", "logo": "", "phone": "", "email": "", "address": "", "slug": "owner2"}}, {"model": "core.companyprofile", "pk": 4, "fields": {"created_at": "2026-02-07T10:27:30.967Z", "updated_at": "2026-02-07T10:27:30.967Z", "owner": 2, "name": "New Company", "logo": "", "phone": "", "email": "", "address": "", "slug": "company-2"}}]